player,position,team,minutes,goals,assists,clean_sheets,yellow_cards,red_cards,bonus,xg,xa,xgi,influence,creativity,threat,ict_index,total_points,value
Gabriel Fernando de Jesus,FWD,1,600,3,2,2,4,0,6,3.05,0.52,3.57,154.4,119.5,255.0,52.6,42,6.5
Gabriel dos Santos Magalhães,DEF,1,2363,3,2,10,4,0,9,2.7,1.21,3.91,584.6,208.8,287.0,108.2,117,19.2
Kai Havertz,FWD,1,1872,9,3,7,5,0,14,9.53,1.65,11.18,467.6,269.0,711.0,144.8,97,12.6
Jurriën Timber,DEF,1,2415,1,3,11,7,0,9,1.23,1.3,2.53,393.0,296.8,254.0,94.2,114,20.7
Jorge Luiz Frello Filho,MID,1,701,0,0,2,5,0,0,0.06,0.59,0.65,44.8,88.8,8.0,14.2,20,4.3
Jakub Kiwior,DEF,1,1117,1,0,3,1,0,2,0.17,0.29,0.46,267.2,91.3,32.0,39.2,43,8.8
Gabriel Martinelli Silva,MID,1,2284,8,4,10,1,0,6,7.13,4.46,11.59,559.8,587.8,912.0,206.1,125,19.2
Ethan Nwaneri,MID,1,882,4,2,4,1,0,4,1.19,1.78,2.97,293.2,282.8,255.0,83.0,66,15.3
Martin Ødegaard,MID,1,2321,3,9,11,4,0,11,4.85,6.68,11.53,524.6,968.7,493.0,198.8,116,14.1
David Raya Martin,GK,1,3420,0,0,13,3,0,10,0.0,0.03,0.03,755.4,10.7,0.0,76.7,142,25.4
Declan Rice,MID,1,2823,4,7,11,5,1,17,3.51,5.64,9.14,733.0,959.6,399.0,208.8,127,20.2
Bukayo Saka,MID,1,1724,6,11,7,3,0,18,6.87,7.78,14.65,606.0,842.8,830.0,227.9,127,12.2
William Saliba,DEF,1,3039,2,0,12,2,1,14,2.42,1.28,3.7,672.6,150.1,116.0,94.2,130,20.3
Thomas Partey,MID,1,2793,4,3,9,4,0,8,2.27,2.64,4.91,626.6,377.9,223.0,123.2,108,22.0
Kieran Tierney,DEF,1,250,1,0,1,0,0,2,0.38,0.54,0.92,91.8,109.1,48.0,25.0,27,6.3
Leandro Trossard,MID,1,2546,8,8,11,2,1,18,6.74,4.12,10.86,609.0,617.6,798.0,202.1,152,22.7
Benjamin White,DEF,1,1195,0,2,5,2,0,0,0.46,1.3,1.76,247.6,162.6,100.0,51.0,50,8.1
Oleksandr Zinchenko,DEF,1,518,0,1,4,1,0,2,0.65,0.52,1.17,83.4,92.8,66.0,24.1,40,8.3
Norberto Murara Neto,GK,1,180,0,0,0,0,0,0,0.0,0.0,0.0,77.8,0.0,0.0,7.8,7,1.7
Raheem Sterling,MID,1,490,0,2,1,1,0,0,1.43,0.48,1.91,67.2,125.5,122.0,31.3,26,3.9
Riccardo Calafiori,DEF,1,978,2,1,1,4,0,1,0.86,0.69,1.55,252.6,118.2,176.0,54.6,39,6.7
Myles Lewis-Skelly,MID,1,1362,1,0,5,3,2,0,0.16,0.51,0.67,176.0,170.7,57.0,40.0,37,8.2
Mikel Merino,MID,1,1575,7,2,4,2,1,8,5.75,1.18,6.93,456.8,265.8,511.0,123.3,92,15.3
Leon Bailey,MID,2,1132,1,2,2,3,0,2,1.73,2.92,4.65,146.4,235.8,325.0,70.3,47,7.6
Ross Barkley,MID,2,567,3,1,1,3,0,5,1.79,0.43,2.22,215.4,128.1,206.0,54.8,44,8.5
Matty Cash,DEF,2,2069,1,1,7,7,0,2,0.48,1.23,1.71,359.2,181.0,171.0,71.3,76,17.3
Diego Carlos Santos Silva,DEF,2,828,0,0,2,1,0,1,0.64,0.08,0.72,150.6,9.2,54.0,21.5,21,4.7
Lucas Digne,DEF,2,2348,0,5,6,4,0,7,0.8,3.97,4.77,512.6,583.9,112.0,120.7,89,20.2
Jhon Durán,FWD,2,622,7,0,2,3,1,9,5.11,0.24,5.35,273.8,68.9,334.0,67.5,53,9.3
Boubacar Kamara,MID,2,1720,1,0,6,2,0,3,0.82,0.83,1.65,326.6,191.0,83.0,60.2,57,11.4
Ezri Konsa Ngoyo,DEF,2,2936,2,0,8,1,0,10,1.29,0.61,1.9,532.8,123.9,166.0,82.4,103,22.9
Ian Maatsen,DEF,2,1125,1,2,3,2,0,0,0.87,2.43,3.3,252.0,293.4,197.0,74.3,57,12.7
Emiliano Martínez Romero,GK,2,3195,0,0,8,5,1,6,0.0,0.02,0.02,839.6,20.0,0.0,86.0,111,22.2
John McGinn,MID,2,2217,1,4,8,7,0,1,3.1,2.7,5.8,277.2,500.6,263.0,103.7,78,15.0
Tyrone Mings,DEF,2,1119,0,1,4,1,0,5,0.88,0.23,1.11,220.4,49.2,74.0,34.6,47,10.7
Kosta Nedeljković,DEF,2,121,0,0,0,0,0,0,0.0,0.02,0.02,22.8,7.2,0.0,3.0,5,1.3
Robin Olsen,GK,2,225,0,0,1,0,0,0,0.0,0.0,0.0,59.2,0.0,0.0,5.9,9,2.0
Pau Torres,DEF,2,2019,0,0,5,2,0,3,0.51,0.43,0.94,350.6,84.5,102.0,54.0,55,13.1
Jacob Ramsey,MID,2,1616,1,4,5,2,1,3,1.59,2.18,3.77,235.4,307.9,245.0,78.7,66,12.2
Morgan Rogers,MID,2,3115,8,11,10,10,0,15,6.49,5.24,11.73,730.6,722.7,689.0,214.2,161,27.8
Youri Tielemans,MID,2,3025,3,7,7,4,0,15,3.31,5.83,9.14,799.6,963.1,333.0,209.6,121,22.0
Ollie Watkins,FWD,2,2593,16,8,10,2,0,32,15.12,2.07,17.19,766.0,345.2,1148.0,223.8,186,20.2
Axel Disasi,DEF,2,851,1,0,3,3,0,0,0.37,0.37,0.74,169.6,75.6,51.0,29.7,33,7.9
Amadou Onana,MID,2,1613,3,0,6,4,0,5,2.12,0.84,2.96,358.0,194.8,215.0,77.0,65,13.5
Marcus Rashford,MID,2,1414,6,4,7,2,0,9,4.67,3.43,8.1,398.4,451.1,369.0,122.1,95,14.4
Lamare Bogarde,DEF,2,473,0,0,0,2,0,0,0.04,0.13,0.17,84.8,33.3,15.0,13.3,6,1.5
Donyell Malen,MID,2,296,3,0,0,0,0,3,2.15,0.15,2.3,138.2,42.7,208.0,38.5,34,6.4
Andrés García,DEF,2,316,0,0,0,0,0,0,0.04,0.49,0.53,45.6,68.4,7.0,12.0,8,1.8
Marco Asensio,MID,2,740,3,2,3,2,0,6,4.43,1.16,5.59,200.6,232.5,242.0,67.2,44,7.3
Tyler Adams,MID,3,1959,0,3,6,7,0,1,1.33,0.76,2.09,411.8,261.2,83.0,75.9,58,11.8
David Brooks,MID,3,941,2,1,3,3,0,2,2.58,2.02,4.6,193.6,316.7,300.0,80.4,52,10.6
Ryan Christie,MID,3,2114,2,3,8,9,0,5,2.14,2.9,5.04,514.0,576.8,303.0,139.6,76,15.8
Lewis Cook,MID,3,2976,1,4,5,8,1,3,0.94,3.76,4.7,607.0,727.1,114.0,144.9,82,16.4
Enes Ünal,FWD,3,330,2,1,2,2,0,4,2.73,0.26,2.99,104.0,56.1,207.0,35.9,32,5.9
James Hill,DEF,3,443,0,1,1,1,0,0,0.29,0.25,0.54,97.0,38.4,29.0,16.6,17,4.4
Daniel Jebbison,FWD,3,105,1,0,0,1,0,1,1.05,0.12,1.17,58.2,39.1,70.0,16.6,20,4.4
Milos Kerkez,DEF,3,3336,2,6,9,4,0,10,0.6,2.57,3.17,694.0,642.0,238.0,157.3,134,25.3
Justin Kluivert,MID,3,2339,12,6,13,8,0,14,10.05,3.66,13.71,700.0,654.1,771.0,212.0,158,26.8
Dango Ouattara,MID,3,1998,7,4,7,3,0,7,8.42,3.24,11.66,624.6,496.8,754.0,187.2,111,24.7
Philip Billing,MID,3,176,0,0,0,1,0,0,0.55,0.97,1.52,54.0,102.4,47.0,20.4,10,2.1
Alex Scott,MID,3,745,0,0,3,3,0,0,0.73,1.0,1.73,141.6,171.6,118.0,43.2,26,5.5
Antoine Semenyo,MID,3,3202,11,7,11,9,0,14,9.51,4.43,13.94,792.2,688.9,1204.0,267.8,165,28.9
Marcos Senesi,DEF,3,1103,0,0,2,5,0,3,0.84,0.48,1.32,271.6,84.2,39.0,39.6,31,6.7
Luis Sinisterra,MID,3,229,1,1,0,0,0,2,1.18,1.29,2.47,112.0,115.3,195.0,42.3,23,4.8
Adam Smith,DEF,3,1586,0,0,6,7,0,0,0.65,0.68,1.33,181.8,147.2,24.0,35.0,57,13.0
Marcus Tavernier,MID,3,1932,3,7,4,6,0,4,5.51,3.65,9.16,447.0,664.8,442.0,155.4,87,16.1
Mark Travers,GK,3,450,0,0,1,0,0,1,0.0,0.01,0.01,146.4,0.0,0.0,14.6,19,4.3
Illia Zabarnyi,DEF,3,3109,0,1,8,4,1,8,1.2,0.76,1.96,651.4,177.0,88.0,92.0,94,21.4
Kepa Arrizabalaga,GK,3,2790,0,0,8,3,0,7,0.06,0.03,0.09,744.4,10.4,4.0,75.8,106,23.0
Dean Huijsen,DEF,3,2422,3,2,7,10,0,14,1.82,1.57,3.39,826.4,217.6,193.0,123.6,104,23.1
Julián Araujo Zúñiga,DEF,3,492,0,0,0,2,0,0,0.0,0.1,0.1,56.8,30.6,4.0,9.2,12,2.8
Francisco Evanilson de Lima Barbosa,FWD,3,2317,10,5,11,1,1,20,12.47,1.74,14.21,456.0,331.9,966.0,174.8,128,21.7
Kristoffer Ajer,DEF,4,1433,0,0,3,5,0,0,0.97,0.48,1.45,199.0,128.1,158.0,48.5,39,8.9
Nathan Collins,DEF,4,3420,2,7,8,5,0,11,2.44,1.57,4.01,1023.2,160.5,311.0,149.6,127,27.6
Mikkel Damsgaard,MID,4,2911,2,10,11,2,0,10,2.91,7.01,9.92,714.8,1006.4,338.0,205.9,131,26.7
Mark Flekken,GK,4,3275,0,2,7,1,0,12,0.0,0.11,0.11,1298.4,30.3,0.0,132.5,138,30.7
Rico Henry,DEF,4,94,0,0,0,0,0,0,0.0,0.01,0.01,13.6,2.1,2.0,1.7,4,0.9
Vitaly Janelt,MID,4,2251,1,3,6,3,0,2,0.83,2.38,3.21,356.6,284.2,131.0,77.2,73,15.2
Mathias Jensen,MID,4,846,0,2,2,2,0,1,0.23,1.75,1.98,157.0,249.5,32.0,43.8,38,7.2
Keane Lewis-Potter,MID,4,3092,1,5,8,7,0,0,2.96,4.94,7.9,542.0,462.2,391.0,139.9,94,18.8
Bryan Mbeumo,MID,4,3415,20,9,9,3,0,29,12.52,9.24,21.75,1236.8,1107.5,1060.0,340.8,236,28.4
Ben Mee,DEF,4,180,0,0,1,2,0,0,0.0,0.02,0.02,36.8,3.0,6.0,4.6,9,2.1
Christian Nørgaard,MID,4,2820,5,5,6,8,1,7,4.23,1.38,5.61,735.4,333.0,409.0,147.9,107,22.3
Ethan Pinnock,DEF,4,1912,2,0,2,2,0,0,1.08,0.64,1.72,540.2,101.2,193.0,83.6,47,10.7
Mads Roerslev Rasmussen,DEF,4,1100,0,2,2,2,0,0,0.2,2.09,2.29,214.4,185.8,78.0,48.0,36,8.4
Kevin Schade,MID,4,2281,11,4,10,3,0,12,8.45,1.75,10.2,630.8,312.7,892.0,183.3,149,28.1
Igor Thiago Nascimento Rodrigues,FWD,4,167,0,0,0,0,0,0,0.13,0.04,0.17,18.2,30.6,12.0,5.8,9,1.5
Hákon Valdimarsson,GK,4,144,0,0,0,0,0,0,0.0,0.0,0.0,21.4,0.1,0.0,2.1,2,0.5
Yoane Wissa,FWD,4,2921,18,6,9,5,0,32,18.58,2.2,20.77,849.4,400.0,1181.0,242.4,185,26.8
Yehor Yarmoliuk,MID,4,1435,0,0,3,6,0,0,0.62,0.91,1.53,259.6,196.1,89.0,54.4,43,10.0
Fábio Freitas Gouveia Carvalho,MID,4,443,2,1,0,1,0,1,2.49,0.54,3.03,142.2,71.5,154.0,36.3,35,7.8
Sepp van den Berg,DEF,4,2584,0,1,5,3,0,1,2.09,0.52,2.61,587.4,108.3,226.0,92.3,62,15.1
Paris Maghoma,MID,4,112,0,0,0,0,0,0,0.12,0.04,0.16,27.8,15.8,10.0,5.4,8,1.8
Michael Kayode,DEF,4,523,0,1,2,2,0,0,0.19,0.7,0.89,105.2,105.2,30.0,24.2,27,6.0
Simon Adingra,MID,5,1081,2,3,2,0,0,0,2.47,2.73,5.2,212.4,261.9,337.0,80.9,60,11.8
Carlos Baleba,MID,5,2660,3,1,8,6,1,7,3.1,1.21,4.31,515.4,343.7,193.0,105.2,87,17.4
Lewis Dunk,DEF,5,2081,0,1,4,5,0,0,0.81,1.02,1.83,425.4,115.7,128.0,66.9,44,10.5
Pervis Estupiñán,DEF,5,2399,1,1,3,5,0,7,1.09,2.43,3.52,504.4,530.1,173.0,120.8,63,12.9
Billy Gilmour,MID,5,97,0,0,0,0,0,0,0.08,0.04,0.12,11.4,11.9,2.0,2.5,3,0.6
Jack Hinshelwood,MID,5,1839,5,3,6,5,0,8,2.74,1.5,4.24,394.6,268.1,304.0,97.0,89,18.2
Igor Julio dos Santos de Paulo,DEF,5,959,0,0,1,4,0,0,0.05,0.25,0.3,189.6,54.7,4.0,24.9,18,4.2
João Pedro Junqueira de Jesus,FWD,5,1946,10,6,6,4,1,26,8.96,3.1,12.06,567.0,456.0,644.0,166.0,126,22.9
Tariq Lamptey,DEF,5,856,2,2,2,0,0,1,0.38,0.8,1.18,213.6,101.0,52.0,36.8,42,9.5
Solly March,MID,5,161,0,0,0,2,0,0,0.09,0.32,0.41,24.0,59.6,18.0,10.1,7,1.1
James Milner,MID,5,170,0,0,1,1,0,0,0.16,0.15,0.31,28.6,66.3,12.0,10.7,6,1.2
Yankuba Minteh,MID,5,1831,6,5,4,6,0,8,4.13,4.99,9.12,523.8,448.9,615.0,159.1,102,21.2
Mitoma Kaoru,MID,5,2597,10,5,6,1,0,12,9.19,4.03,13.22,670.6,578.0,856.0,210.7,145,23.0
Jason Steele,GK,5,180,0,0,1,0,0,1,0.0,0.0,0.0,40.4,0.0,0.0,4.1,9,2.2
Jan Paul van Hecke,DEF,5,2960,1,1,7,6,1,7,1.32,1.41,2.73,736.6,261.8,182.0,118.3,87,19.3
Joël Veltman,DEF,5,1694,0,0,6,5,0,7,0.47,1.31,1.78,273.0,147.2,59.0,48.1,59,13.7
Bart Verbruggen,GK,5,3240,0,1,7,5,0,6,0.0,0.01,0.01,849.8,10.0,0.0,85.8,103,22.9
Adam Webster,DEF,5,885,0,1,4,1,0,2,0.25,0.28,0.53,198.4,49.7,55.0,30.2,39,9.1
Danny Welbeck,FWD,5,2109,10,5,7,5,0,21,9.58,1.36,10.94,550.2,331.3,676.0,155.8,125,22.7
Mats Wieffer,MID,5,1003,1,5,2,6,0,4,0.8,1.0,1.8,328.8,230.4,129.0,68.5,52,11.1
Brajan Gruda,MID,5,676,1,4,1,0,0,1,1.15,1.93,3.08,196.6,311.6,187.0,69.1,45,8.3
Yasin Ayari,MID,5,1958,2,1,7,4,0,3,2.51,2.62,5.13,363.2,507.5,247.0,111.7,74,14.8
Georginio Rutter,MID,5,1651,5,6,6,2,0,1,4.57,1.67,6.24,355.4,281.8,404.0,103.0,95,19.0
Ferdi Kadioglu,DEF,5,385,1,0,2,1,0,0,0.44,0.31,0.75,116.4,83.7,40.0,24.0,19,4.3
Matt O'Riley,MID,5,929,2,3,2,1,0,2,2.76,2.04,4.8,211.4,322.5,219.0,75.3,50,9.1
Diego Gómez,MID,5,507,1,1,0,0,0,2,0.82,1.16,1.98,124.2,143.2,69.0,33.6,30,5.5
Benoît Badiashile,DEF,6,332,0,0,0,0,0,0,0.0,0.08,0.08,66.0,12.6,0.0,7.9,7,1.7
Moisés Caicedo Corozo,MID,6,3351,1,4,12,11,0,4,0.81,2.82,3.63,627.6,568.8,95.0,129.2,98,20.0
Trevoh Chalobah,DEF,6,1969,3,1,6,3,0,11,1.98,0.64,2.62,496.4,124.2,222.0,84.6,93,21.1
Levi Colwill,DEF,6,3150,2,1,10,9,0,6,1.92,1.31,3.23,692.0,214.3,185.0,109.4,109,24.8
Marc Cucurella Saseta,DEF,6,2988,5,2,9,8,1,14,2.79,2.39,5.18,668.6,350.6,358.0,137.9,133,24.6
Kiernan Dewsbury-Hall,MID,6,257,0,1,0,0,0,1,0.22,0.22,0.44,57.4,47.4,21.0,12.6,18,3.3
Enzo Fernández,MID,6,2943,6,8,10,8,0,11,6.23,6.11,12.34,761.6,1131.6,517.0,241.3,135,28.7
Malo Gusto,DEF,6,1853,0,1,4,4,0,2,1.44,1.91,3.35,336.8,394.6,147.0,87.9,60,12.2
Reece James,DEF,6,1057,1,2,3,1,0,5,0.45,1.15,1.6,207.6,202.1,56.0,46.7,54,11.2
Roméo Lavia,MID,6,792,0,1,3,4,0,0,0.25,0.38,0.63,113.2,121.7,7.0,24.4,26,5.8
Noni Madueke,MID,6,2028,7,5,6,3,0,12,9.62,2.86,12.48,479.2,475.1,998.0,195.3,120,20.0
Mykhailo Mudryk,MID,6,145,0,0,0,0,0,0,0.24,0.66,0.9,23.2,31.5,31.0,8.5,7,1.1
Nicolas Jackson,FWD,6,2220,10,6,11,7,1,17,11.68,1.9,13.58,546.4,368.3,976.0,187.4,121,15.7
Christopher Nkunku,MID,6,904,3,2,2,2,0,5,5.11,1.01,6.12,230.2,204.9,339.0,77.1,60,10.5
Cole Palmer,MID,6,3193,15,10,10,7,0,35,16.79,9.53,26.32,1068.2,1259.2,1052.0,338.0,214,20.4
Renato Palma Veiga,MID,6,176,0,0,1,2,0,0,0.16,0.15,0.31,30.4,9.2,19.0,5.9,7,1.6
Robert Sánchez,GK,6,2880,0,0,10,5,0,11,0.0,0.02,0.02,755.6,20.0,0.0,77.5,126,28.0
Tosin Adarabioyo,DEF,6,1403,1,1,7,4,0,7,0.93,0.23,1.16,352.2,48.2,92.0,49.6,71,16.9
Wesley Fofana,DEF,6,1172,0,0,2,7,0,2,0.44,0.18,0.62,200.2,85.0,33.0,31.9,26,6.0
Jadon Sancho,MID,6,1754,3,5,7,2,0,3,2.13,3.1,5.23,340.0,523.2,414.0,127.5,86,13.9
Pedro Lomba Neto,MID,6,2262,4,6,8,8,0,9,3.48,4.47,7.95,492.0,762.7,545.0,180.0,104,17.0
Filip Jørgensen,GK,6,540,0,0,1,0,0,0,0.0,0.0,0.0,157.6,0.0,0.0,15.9,18,4.3
João Félix Sequeira,MID,6,362,1,2,1,2,0,0,2.3,0.45,2.75,88.0,95.4,141.0,32.3,24,4.1
Tyrique George,MID,6,177,1,1,1,1,0,0,0.2,0.26,0.46,67.4,72.7,32.0,17.1,17,3.8
Josh Acheampong,DEF,6,168,0,0,0,1,0,0,0.22,0.01,0.23,13.6,2.5,13.0,2.9,4,1.0
Eddie Nketiah,FWD,7,1018,3,2,2,4,1,4,5.94,0.83,6.77,192.2,163.7,475.0,82.5,53,9.0
Ben Chilwell,DEF,7,254,1,0,0,1,0,0,0.25,0.88,1.13,99.6,69.2,37.0,20.7,13,2.8
Cheick Doucouré,MID,7,443,0,1,1,1,0,0,0.4,0.11,0.51,58.6,25.7,23.0,10.8,19,4.0
Chris Richards,DEF,7,1921,1,1,7,2,1,2,1.33,0.6,1.93,470.8,45.0,181.0,69.6,68,15.5
Chadi Riad Dnanou,DEF,7,90,0,0,0,0,0,0,0.0,0.02,0.02,18.2,1.3,0.0,2.0,1,0.2
Nathaniel Clyne,DEF,7,477,0,0,1,1,0,0,0.02,0.24,0.26,66.6,51.8,8.0,12.4,18,4.2
Eberechi Eze,MID,7,2588,8,8,10,1,0,15,10.39,4.67,15.06,685.0,849.2,691.0,222.4,148,21.1
Marc Guéhi,DEF,7,3059,3,2,11,7,1,11,1.87,2.01,3.88,827.0,237.6,247.0,131.0,116,24.7
Dean Henderson,GK,7,3420,0,0,11,3,0,8,0.01,0.02,0.03,853.6,30.0,4.0,88.6,135,29.3
Will Hughes,MID,7,2100,0,4,10,11,0,3,1.09,2.64,3.73,335.2,462.6,90.0,87.5,67,13.7
Daichi Kamada,MID,7,1545,0,0,3,4,1,0,1.12,1.55,2.67,219.2,314.1,145.0,68.2,45,8.8
Jefferson Lerma Solís,MID,7,2270,0,1,6,9,0,2,1.07,1.75,2.82,401.4,190.2,197.0,78.7,58,12.1
Jean-Philippe Mateta,FWD,7,2642,14,2,9,2,0,27,13.77,2.28,16.05,671.6,405.4,800.0,187.3,150,20.0
Tyrick Mitchell,DEF,7,3090,0,6,12,2,0,4,1.31,3.67,4.98,630.8,559.1,170.0,136.2,123,25.6
Daniel Muñoz,DEF,7,3229,4,6,11,10,0,9,4.92,3.46,8.38,816.6,634.2,524.0,197.6,142,27.3
Jeffrey Schlupp,MID,7,95,0,0,0,0,0,0,0.17,0.14,0.31,22.8,42.9,46.0,11.0,12,2.6
Adam Wharton,MID,7,1314,0,2,4,2,0,0,0.38,2.17,2.55,261.2,381.4,69.0,71.2,42,8.9
Ismaïla Sarr,MID,7,2708,8,7,10,4,0,14,10.82,6.82,17.64,675.0,618.0,866.0,215.9,149,27.1
Justin Devenny,MID,7,494,1,1,0,1,0,1,0.77,0.41,1.18,138.8,101.8,90.0,33.2,34,7.6
Maxence Lacroix,DEF,7,3116,1,2,11,5,0,9,3.5,1.01,4.51,723.8,113.7,277.0,111.4,114,25.3
Romain Esse,MID,7,138,1,2,0,0,0,3,0.32,0.39,0.71,74.8,38.4,51.0,16.4,22,4.7
Armando Broja,FWD,8,327,0,0,2,1,0,0,0.11,0.11,0.22,20.2,53.8,43.0,10.9,12,2.3
Abdoulaye Doucouré,MID,8,2563,3,2,11,3,1,5,4.15,1.41,5.56,352.6,379.4,348.0,107.6,94,18.4
Norberto Bercique Gomes Betuncal,FWD,8,1521,8,0,4,2,0,11,7.89,0.44,8.33,373.2,163.9,666.0,119.5,87,18.1
Jarrad Branthwaite,DEF,8,2509,0,1,9,4,0,3,1.2,0.61,1.81,624.6,57.7,130.0,81.3,88,18.0
Dominic Calvert-Lewin,FWD,8,1602,3,2,8,2,0,3,6.53,0.63,7.16,200.2,126.1,573.0,89.2,63,11.7
Séamus Coleman,DEF,8,214,0,0,0,1,0,0,0.62,0.03,0.65,42.4,3.8,23.0,7.1,5,1.2
Idrissa Gueye,MID,8,3063,0,3,12,9,0,5,1.15,1.99,3.14,522.0,327.2,117.0,96.6,89,18.5
James Garner,MID,8,1590,0,1,5,5,0,0,0.67,1.37,2.04,264.8,248.2,93.0,60.4,42,8.6
Jack Harrison,MID,8,2068,1,3,7,0,0,4,3.54,3.12,6.66,277.0,527.7,288.0,108.6,81,15.6
Tim Iroegbunam,MID,8,562,0,1,0,4,0,0,0.23,0.14,0.37,122.2,40.9,32.0,19.6,22,5.1
Michael Keane,DEF,8,1046,3,0,3,5,0,4,0.61,0.02,0.63,306.6,23.2,123.0,45.4,48,12.6
Dwight McNeil,MID,8,1366,4,8,5,1,0,9,1.05,4.49,5.53,392.0,631.8,207.0,123.3,93,18.2
Vitalii Mykolenko,DEF,8,3082,1,3,11,4,0,9,0.48,2.12,2.6,621.4,428.5,100.0,115.2,121,27.5
Iliman Ndiaye,FWD,8,2426,9,0,15,3,0,21,6.23,1.36,7.59,598.0,326.4,493.0,142.0,114,21.9
Nathan Patterson,DEF,8,342,0,1,0,1,0,0,0.07,0.38,0.45,71.6,70.3,12.0,15.5,14,3.2
Jordan Pickford,GK,8,3420,0,1,12,7,0,15,0.0,0.22,0.22,1052.0,20.3,0.0,107.0,158,30.4
James Tarkowski,DEF,8,2922,1,1,10,6,0,8,1.32,2.33,3.65,859.0,188.8,217.0,126.9,105,22.3
Ashley Young,DEF,8,1864,1,4,9,7,1,9,0.27,2.87,3.14,431.2,388.2,46.0,86.8,98,23.3
Carlos Alcaraz Durán,MID,8,766,2,3,1,4,0,5,1.78,0.68,2.46,219.4,205.7,227.0,65.4,44,9.4
Jesper Lindstrøm,MID,8,1229,0,1,6,2,0,0,2.15,1.96,4.11,214.2,309.6,237.0,76.0,44,8.8
Jake O'Brien,DEF,8,1568,2,0,5,5,0,5,0.77,0.31,1.08,341.4,108.9,109.0,56.0,65,14.4
Roman Dixon,DEF,8,90,0,0,0,0,0,0,0.0,0.0,0.0,15.4,0.3,0.0,1.6,0,0.0
Orel Mangala,MID,8,1257,1,0,5,2,0,0,1.13,0.59,1.72,172.8,133.5,106.0,41.4,39,7.8
Reiss Nelson,MID,9,483,1,1,1,1,0,2,1.07,0.96,2.03,131.6,223.9,195.0,55.1,27,5.4
Emile Smith Rowe,MID,9,2036,6,3,7,3,0,15,4.45,2.04,6.49,433.8,422.3,386.0,124.4,114,22.8
Joachim Andersen,DEF,9,2673,0,0,4,7,1,3,1.04,0.57,1.61,687.6,99.0,162.0,95.0,51,12.1
Adama Traoré,MID,9,1756,2,8,3,3,0,8,4.11,4.61,8.72,385.4,632.1,426.0,144.6,95,21.1
Andreas Hoelgebaum Pereira,MID,9,2004,2,6,5,8,0,2,4.24,4.63,8.87,326.6,868.3,300.0,149.0,81,16.5
Calvin Bassey,DEF,9,3074,1,0,5,7,0,0,1.02,0.42,1.44,587.2,96.7,157.0,84.1,75,16.7
Tom Cairney,MID,9,610,2,0,1,3,1,0,0.73,1.14,1.87,163.8,213.8,94.0,47.2,33,6.9
Timothy Castagne,DEF,9,1642,0,1,3,1,0,0,0.38,0.56,0.94,360.4,163.6,123.0,64.9,46,11.0
Issa Diop,DEF,9,1334,0,0,1,2,0,0,0.51,0.07,0.58,257.6,44.7,83.0,38.3,31,7.2
Alex Iwobi,MID,9,2981,9,6,6,1,0,16,4.33,6.9,11.23,806.8,922.4,699.0,243.0,156,28.9
Bernd Leno,GK,9,3420,0,2,5,5,0,5,0.0,0.03,0.03,967.0,20.0,0.0,98.6,115,23.0
Saša Lukić,MID,9,2348,0,2,4,12,0,1,1.16,1.4,2.56,335.6,455.1,119.0,91.0,56,11.7
Rodrigo Muniz Carvalho,FWD,9,943,8,1,2,1,0,14,5.91,0.2,6.11,352.4,95.3,508.0,95.4,86,15.6
Raúl Jiménez,FWD,9,2486,12,3,7,4,0,26,11.97,2.07,14.04,612.8,372.2,1018.0,199.7,147,27.7
Harrison Reed,MID,9,100,0,0,0,2,0,0,0.23,0.09,0.32,18.6,20.6,33.0,7.1,10,2.1
Antonee Robinson,DEF,9,3166,0,10,5,8,0,8,0.7,4.17,4.87,922.2,723.4,206.0,185.5,106,22.6
Kenny Tete,DEF,9,1773,0,2,3,5,0,0,1.37,0.65,2.02,381.2,192.2,158.0,73.1,49,11.1
Harry Wilson,MID,9,1148,6,2,2,2,0,6,4.19,1.17,5.36,334.6,310.2,440.0,107.8,78,15.0
Ryan Sessegnon,DEF,9,574,4,2,1,1,0,5,1.64,1.12,2.76,284.0,158.8,227.0,67.1,57,13.6
Jorge Cuenca Barreno,DEF,9,349,0,0,0,0,0,0,0.02,0.01,0.03,81.2,2.3,4.0,8.6,9,2.0
Josh King,MID,9,126,0,0,1,0,0,0,0.28,0.67,0.95,26.2,45.7,38.0,11.2,10,2.3
Sander Berge,MID,9,2221,0,0,4,6,0,2,0.45,0.63,1.08,314.4,285.7,51.0,65.1,53,10.6
Willian Borges da Silva,MID,9,251,0,0,1,0,0,0,0.28,0.72,1.0,36.2,133.3,25.0,19.5,13,2.6
Julio Enciso,MID,10,1155,2,3,2,3,0,5,2.82,1.32,4.14,250.8,268.9,362.0,87.7,59,10.9
Ali Al-Hamadi,FWD,10,125,0,0,0,3,0,0,0.35,0.04,0.39,5.6,25.7,32.0,6.0,8,1.7
Nathan Broadhead,MID,10,690,2,0,2,1,0,1,1.74,1.05,2.79,148.2,111.0,155.0,41.4,37,7.6
Cameron Burgess,DEF,10,1540,0,2,0,0,0,0,1.08,0.34,1.42,422.0,87.2,103.0,61.4,26,6.8
Wes Burns,MID,10,922,0,1,1,1,0,0,0.5,1.17,1.67,111.6,148.5,66.0,31.8,30,6.4
Conor Chaplin,MID,10,845,1,2,1,2,0,0,1.52,0.61,2.13,106.6,152.1,108.0,36.1,41,8.0
Harry Clarke,DEF,10,377,0,0,0,1,1,0,0.08,0.1,0.18,48.2,24.4,35.0,10.5,1,0.2
Leif Davis,DEF,10,2742,1,2,2,5,1,5,0.98,4.74,5.72,486.8,865.4,145.0,149.6,52,12.4
Liam Delap,FWD,10,2587,12,2,3,12,0,22,9.44,1.38,10.82,513.0,290.5,783.0,157.5,132,23.6
Jacob Greaves,DEF,10,2205,1,0,2,5,0,0,1.31,0.21,1.52,592.8,77.2,157.0,82.7,37,9.7
George Hirst,FWD,10,645,3,1,0,3,0,3,2.14,0.24,2.38,146.4,64.5,207.0,41.2,46,8.5
Omari Giraud-Hutchinson,MID,10,2585,3,3,3,5,0,6,2.93,2.46,5.39,383.2,487.5,443.0,131.5,88,16.9
Ben Johnson,DEF,10,1346,1,2,0,3,1,2,1.06,0.83,1.89,276.6,177.2,92.0,54.6,30,7.9
Massimo Luongo,MID,10,195,0,0,0,0,0,0,0.0,0.01,0.01,34.4,6.6,4.0,4.6,13,3.0
Sam Morsy,MID,10,2749,1,1,2,10,0,5,0.45,1.51,1.96,417.0,374.0,47.0,83.7,67,14.0
Jack Taylor,MID,10,837,1,0,0,4,0,1,0.75,0.77,1.52,142.0,100.5,84.0,32.4,38,7.9
Axel Tuanzebe,DEF,10,1710,0,1,1,3,1,0,0.21,0.26,0.47,284.4,93.4,25.0,40.1,27,6.9
Christian Walton,GK,10,630,0,0,1,0,0,2,0.0,0.0,0.0,163.2,10.0,0.0,17.3,16,3.7
Luke Woolfenden,DEF,10,1187,0,0,1,2,0,0,0.03,0.02,0.05,258.4,6.7,8.0,27.5,18,4.6
Kalvin Phillips,MID,10,1231,0,0,1,4,1,0,0.45,0.46,0.91,181.8,116.2,41.0,33.8,27,5.6
Arijanet Muric,GK,10,1620,0,0,1,1,0,5,0.0,0.01,0.01,531.2,0.0,0.0,53.1,49,11.1
Jaden Philogene,MID,10,796,2,0,2,3,1,3,2.43,0.34,2.77,159.0,98.2,190.0,43.9,37,7.0
Conor Townsend,DEF,10,334,0,1,0,1,0,0,0.03,0.24,0.27,110.2,56.0,13.0,18.0,11,2.8
Sam Szmodics,MID,10,988,4,0,2,2,0,2,3.44,0.45,3.89,216.0,93.0,263.0,56.7,54,9.5
Jens Cajuste,MID,10,1960,1,1,1,2,0,2,0.68,0.73,1.41,284.0,209.2,59.0,54.9,63,14.0
Dara O'Shea,DEF,10,3122,0,2,2,6,0,1,1.29,0.67,1.96,862.8,59.9,195.0,111.6,49,12.9
Jack Clarke,MID,10,1161,0,4,1,2,0,0,1.17,1.11,2.28,230.8,341.7,151.0,72.2,53,9.8
Chiedozie Ogbene,MID,10,237,0,0,0,0,0,0,0.0,0.05,0.05,22.8,30.2,12.0,6.4,7,1.5
Ben Godfrey,DEF,10,158,0,0,0,1,0,0,0.0,0.02,0.02,15.0,2.3,2.0,1.9,-1,-0.2
Alex Palmer,GK,10,1170,0,0,0,2,0,0,0.0,0.0,0.0,356.8,10.0,0.0,36.6,22,4.9
Facundo Buonanotte,MID,11,1508,5,2,2,8,0,6,4.01,2.29,6.3,415.8,415.8,318.0,114.7,75,16.7
Jordan Ayew,MID,11,1649,5,0,4,6,0,3,3.72,1.5,5.22,304.4,316.9,311.0,93.4,75,14.7
Odsonne Edouard,FWD,11,141,0,0,0,0,0,0,0.39,0.07,0.46,5.0,25.0,50.0,8.0,7,1.4
Boubakary Soumaré,MID,11,2165,0,0,1,8,0,0,0.29,0.94,1.23,294.2,261.8,47.0,60.4,48,10.9
Hamza Choudhury,MID,11,129,0,0,0,0,0,0,0.0,0.19,0.19,33.8,30.4,6.0,7.0,4,0.9
Conor Coady,DEF,11,1712,1,0,2,3,0,3,0.52,0.48,1.0,378.8,33.0,62.0,47.5,39,9.8
Patson Daka,FWD,11,717,1,0,1,0,0,2,1.25,0.06,1.31,86.0,41.7,148.0,27.0,34,7.1
Bobby De Cordova-Reid,MID,11,734,1,4,1,2,0,2,0.79,0.14,0.93,102.2,84.4,72.0,26.0,48,9.2
Wout Faes,DEF,11,2812,1,0,3,4,0,2,1.52,0.4,1.92,678.0,68.5,121.0,86.9,55,14.5
Mads Hermansen,GK,11,2385,0,0,1,1,0,1,0.0,0.02,0.02,827.0,0.2,0.0,82.8,63,14.3
James Justin,DEF,11,2912,2,2,3,6,0,6,1.47,0.8,2.27,615.2,258.5,202.0,107.8,70,17.1
Victor Kristiansen,DEF,11,2481,0,1,1,1,0,0,0.13,1.74,1.87,519.4,358.6,40.0,91.6,34,7.7
Stephy Mavididi,MID,11,1606,4,1,1,2,0,5,1.85,3.25,5.1,339.2,375.3,302.0,101.5,72,14.4
Kasey McAteer,MID,11,846,1,1,3,3,0,0,0.99,0.63,1.62,147.2,132.5,184.0,46.3,35,7.4
Wilfred Ndidi,MID,11,2325,0,5,3,8,0,1,2.12,1.53,3.65,546.4,302.2,280.0,112.8,64,13.1
Caleb Okoli,DEF,11,1122,1,0,1,4,0,1,0.62,0.17,0.79,318.6,15.2,73.0,40.7,27,6.8
Ricardo Barbosa Pereira,DEF,11,382,0,0,0,1,0,0,0.09,0.07,0.16,67.8,18.7,19.0,10.5,10,2.4
Jakub Stolarczyk,GK,11,900,0,0,2,1,0,0,0.0,0.0,0.0,228.4,0.0,0.0,22.8,25,6.2
Luke Thomas,DEF,11,1109,0,0,3,3,0,0,0.36,0.49,0.85,226.4,144.5,34.0,40.4,27,6.9
Jamie Vardy,FWD,11,2825,9,5,4,5,0,18,11.23,2.55,13.78,490.8,270.8,742.0,150.0,128,23.7
Jannik Vestergaard,DEF,11,1390,0,0,0,5,0,0,0.11,0.08,0.19,321.0,46.6,53.0,42.4,11,2.8
Danny Ward,GK,11,135,0,0,0,0,0,0,0.0,0.0,0.0,35.4,0.0,0.0,3.6,2,0.5
Harry Winks,MID,11,1536,0,2,0,4,0,0,0.23,1.53,1.76,272.8,319.6,37.0,63.2,40,9.3
Oliver Skipp,MID,11,1118,0,0,3,8,0,0,0.37,0.32,0.69,119.4,146.0,35.0,29.9,27,5.7
Abdul Fatawu,MID,11,576,0,2,0,0,0,3,0.41,1.42,1.83,147.6,104.3,148.0,40.1,26,5.1
Bilal El Khannouss,MID,11,2179,2,4,3,4,0,6,1.29,2.85,4.14,381.6,634.1,191.0,120.5,83,17.3
Woyo Coulibaly,DEF,11,107,0,0,0,1,0,0,0.04,0.04,0.08,24.4,3.4,24.0,5.2,1,0.2
Jeremy Monga,MID,11,105,0,0,0,0,0,0,0.17,0.02,0.19,20.6,12.6,19.0,5.1,7,1.6
Alisson Ramses Becker,GK,12,2508,0,0,10,0,0,9,0.0,0.2,0.2,628.8,13.0,0.0,64.0,112,20.4
Trent Alexander-Arnold,DEF,12,2362,3,7,12,5,0,13,1.81,7.2,9.01,723.8,833.7,268.0,182.4,148,20.6
Conor Bradley,DEF,12,744,0,2,3,4,0,3,0.7,1.43,2.13,156.2,110.5,162.0,42.8,41,8.7
Darwin Núñez Ribeiro,FWD,12,1113,5,3,2,8,0,6,5.76,0.51,6.27,263.8,151.6,404.0,81.2,66,9.4
Diogo Teixeira da Silva,MID,12,1182,6,4,7,2,0,4,7.98,1.09,9.07,300.6,169.5,537.0,99.0,87,12.1
Harvey Elliott,MID,12,359,1,2,0,1,0,3,1.78,0.64,2.42,118.6,145.8,143.0,40.4,33,6.3
Endo Wataru,MID,12,259,0,0,0,0,0,0,0.0,0.09,0.09,57.6,38.2,6.0,10.0,21,4.6
Cody Gakpo,FWD,12,1921,10,5,5,5,0,22,7.12,3.76,10.87,597.0,517.7,686.0,180.3,127,17.6
Joe Gomez,DEF,12,517,0,0,1,1,0,0,0.33,0.09,0.42,130.4,38.5,58.0,22.8,14,3.0
Ryan Gravenberch,MID,12,3160,0,4,14,5,1,1,1.13,3.5,4.63,550.6,473.9,121.0,114.7,92,18.4
Curtis Jones,MID,12,1702,3,5,6,1,1,4,4.34,1.46,5.8,397.2,343.7,400.0,113.6,87,16.4
Caoimhin Kelleher,GK,12,900,0,0,4,0,0,1,0.0,0.0,0.0,224.2,0.0,0.0,22.4,45,11.5
Ibrahima Konaté,DEF,12,2561,1,2,11,5,0,4,1.8,0.91,2.71,578.0,161.4,133.0,87.6,106,20.0
Luis Díaz,MID,12,2393,13,7,15,2,0,21,11.9,4.34,16.24,770.8,748.0,946.0,246.4,183,24.4
Mohamed Salah,MID,12,3374,29,18,15,1,0,55,24.7,8.99,33.69,1577.0,1199.2,1985.0,476.0,344,25.3
Alexis Mac Allister,MID,12,2597,5,6,14,6,0,8,2.89,5.57,8.46,653.4,731.3,357.0,174.1,122,19.7
Jarell Quansah,DEF,12,488,0,0,0,2,0,0,0.1,0.18,0.28,119.4,29.1,15.0,16.5,9,2.3
Andrew Robertson,DEF,12,2479,0,1,10,3,1,4,1.12,4.27,5.39,395.4,668.7,182.0,124.4,91,15.7
Dominik Szoboszlai,MID,12,2485,6,10,12,6,0,14,6.94,6.06,13.0,589.8,794.8,601.0,198.1,143,23.4
Konstantinos Tsimikas,DEF,12,829,0,1,4,2,0,3,0.39,2.32,2.71,202.0,260.7,60.0,52.5,43,9.3
Virgil van Dijk,DEF,12,3330,3,1,14,5,0,8,2.22,0.98,3.2,932.6,206.6,299.0,143.7,143,21.3
Federico Chiesa,MID,12,103,0,0,0,0,0,0,0.34,0.15,0.49,9.0,23.5,36.0,6.7,7,1.0
Manuel Akanji,DEF,13,2012,0,0,6,3,0,1,1.57,1.3,2.87,339.8,249.8,100.0,68.9,61,11.5
Nathan Aké,DEF,13,677,0,0,3,0,0,0,0.22,0.17,0.39,104.6,33.7,20.0,15.9,25,4.7
Bernardo Veiga de Carvalho e Silva,MID,13,2667,4,4,10,7,0,13,3.84,4.56,8.4,603.0,800.4,532.0,193.6,110,18.0
Kevin De Bruyne,MID,13,1694,4,9,10,2,0,12,5.17,6.75,11.92,466.6,920.0,411.0,179.5,114,12.0
Jérémy Doku,MID,13,1506,3,6,8,1,0,3,1.32,3.81,5.13,453.8,515.9,528.0,150.0,88,14.2
Ederson Santana de Moraes,GK,13,2320,0,4,10,4,0,9,0.0,0.16,0.16,567.0,43.0,0.0,60.9,111,20.9
Phil Foden,MID,13,1771,7,3,6,2,0,10,5.17,5.33,10.49,448.0,749.0,449.0,164.2,105,11.5
Jack Grealish,MID,13,710,1,1,2,3,0,4,1.13,1.67,2.8,157.2,321.4,234.0,71.3,38,5.9
Joško Gvardiol,DEF,13,3278,5,0,13,2,0,15,4.6,2.92,7.52,847.0,501.7,497.0,185.0,153,23.5
Erling Haaland,FWD,13,2736,22,3,10,2,0,26,21.9,2.04,23.94,946.0,359.4,1511.0,281.8,181,12.1
Mateo Kovačić,MID,13,2194,6,3,10,5,1,13,1.91,3.21,5.11,606.4,579.3,204.0,139.1,109,20.2
Rico Lewis,DEF,13,1888,1,2,5,3,1,1,1.32,1.01,2.33,293.8,218.6,139.0,65.0,66,15.3
Matheus Luiz Nunes,MID,13,1670,1,7,9,4,0,6,1.11,3.32,4.43,370.4,422.4,206.0,99.9,81,16.5
James McAtee,MID,13,340,3,0,0,1,0,0,2.8,0.8,3.6,113.0,64.6,136.0,30.7,31,6.7
Stefan Ortega Moreno,GK,13,1099,0,0,3,1,0,0,0.0,0.0,0.0,292.6,0.0,0.0,29.4,35,6.7
Rúben Gato Alves Dias,DEF,13,2269,0,0,11,4,0,7,1.54,1.2,2.74,478.2,173.8,150.0,80.2,90,16.4
John Stones,DEF,13,544,2,0,1,1,0,2,0.6,0.17,0.77,155.6,49.8,70.0,27.4,29,5.5
Kyle Walker,DEF,13,966,0,0,0,3,0,0,0.12,1.34,1.46,157.4,147.7,29.0,33.5,13,2.5
Sávio 'Savinho' Moreira de Oliveira,MID,13,1760,1,11,8,3,0,15,5.02,6.1,11.12,415.2,682.9,671.0,177.3,106,17.7
Nico O'Reilly,MID,13,525,2,0,3,0,0,4,1.28,0.68,1.96,133.4,76.2,112.0,32.2,31,6.3
Ilkay Gündogan,MID,13,2218,1,7,10,1,0,5,3.21,4.43,7.63,387.0,781.3,273.0,144.2,97,15.4
Jahmai Simpson-Pusey,DEF,13,95,0,0,0,1,0,0,0.0,0.01,0.01,19.6,2.2,2.0,2.4,1,0.2
Abdukodir Khusanov,DEF,13,503,0,0,2,1,0,0,0.02,0.09,0.11,102.0,33.9,4.0,14.1,14,2.8
Omar Marmoush,FWD,13,1174,7,1,8,0,0,12,5.41,1.71,7.12,318.0,246.7,410.0,97.3,73,9.9
Nico González,MID,13,760,1,1,6,3,0,0,0.45,0.48,0.93,137.2,78.7,62.0,27.5,31,5.2
Amad Diallo,MID,14,1898,8,8,7,5,0,17,4.71,3.98,8.69,634.0,687.2,615.0,193.8,129,24.3
Antony Matheus dos Santos,MID,14,135,0,0,0,0,0,0,0.6,0.21,0.81,35.0,50.7,74.0,15.8,8,1.4
Bruno Borges Fernandes,MID,14,3017,8,12,10,3,2,28,9.93,7.89,17.82,1017.8,1407.7,587.0,300.8,174,20.7
Altay Bayindir,GK,14,360,0,0,1,0,0,0,0.0,0.0,0.0,80.0,0.0,0.0,7.9,8,1.9
Carlos Henrique Casimiro,MID,14,1489,1,0,6,5,0,3,1.8,1.99,3.79,433.2,348.2,265.0,104.8,48,10.4
Diogo Dalot Teixeira,DEF,14,2812,0,4,8,5,0,9,1.96,2.35,4.31,493.2,434.2,258.0,118.2,95,19.0
Christian Eriksen,MID,14,1052,1,2,4,4,0,0,1.31,2.6,3.91,235.8,474.3,79.0,78.9,45,8.7
Jonny Evans,DEF,14,312,0,0,1,1,0,3,0.11,0.02,0.13,66.6,5.3,23.0,9.5,15,3.4
Alejandro Garnacho,MID,14,2188,6,4,5,3,0,7,7.4,2.76,10.16,454.0,532.2,904.0,188.3,106,18.0
Rasmus Højlund,FWD,14,1998,4,1,6,2,0,8,5.1,1.14,6.24,187.0,254.7,432.0,86.3,78,11.3
Victor Lindelöf,DEF,14,695,0,0,2,1,0,0,0.0,0.09,0.09,125.4,48.5,8.0,18.3,27,6.3
Harry Maguire,DEF,14,1751,1,0,3,7,0,3,1.82,0.25,2.07,409.4,101.2,233.0,74.5,48,9.8
Kobbie Mainoo,MID,14,1646,0,0,5,5,0,0,0.84,1.78,2.62,196.6,250.8,137.0,58.8,42,8.1
Tyrell Malacia,DEF,14,99,0,0,0,1,0,0,0.0,0.02,0.02,5.2,13.9,0.0,1.7,2,0.5
Lisandro Martínez,DEF,14,1751,2,1,6,7,0,5,1.33,1.21,2.54,426.6,153.9,158.0,73.8,68,15.8
Mason Mount,MID,14,613,1,0,3,3,0,0,3.37,0.57,3.94,104.0,140.0,218.0,45.6,25,4.0
André Onana,GK,14,3060,0,0,9,0,0,8,0.0,0.2,0.2,733.0,13.0,0.0,74.7,120,24.5
Luke Shaw,DEF,14,346,0,0,0,1,0,0,0.03,0.77,0.8,48.2,68.2,11.0,12.7,5,1.0
Joshua Zirkzee,FWD,14,1385,3,2,3,2,0,6,4.64,1.04,5.68,222.6,212.0,351.0,78.0,64,9.8
Leny Yoro,DEF,14,1160,0,0,1,5,0,0,0.7,0.15,0.85,207.4,55.8,54.0,31.8,22,5.1
Matthijs de Ligt,DEF,14,2119,2,0,4,3,0,3,2.48,0.25,2.73,518.4,88.7,303.0,91.5,68,14.2
Noussair Mazraoui,DEF,14,2836,0,1,7,3,0,5,0.69,1.87,2.56,619.4,332.7,123.0,107.5,88,21.0
Toby Collyer,MID,14,174,0,0,0,0,0,0,0.08,0.37,0.45,40.4,29.9,8.0,7.9,6,1.3
Manuel Ugarte,MID,14,1777,1,2,4,11,0,1,1.0,0.67,1.67,313.6,195.9,113.0,62.1,49,10.0
Ayden Heaven,DEF,14,169,0,0,1,1,0,2,0.12,0.01,0.13,43.4,12.9,10.0,6.6,10,2.5
Harry Amass,DEF,14,345,0,0,0,0,0,0,0.07,0.07,0.14,40.0,26.5,15.0,8.2,4,1.0
Patrick Dorgu,DEF,14,840,0,0,2,3,1,1,0.43,1.27,1.7,106.4,175.3,112.0,39.4,18,4.0
Chido Obi-Martin,FWD,14,160,0,0,0,1,0,0,0.66,0.03,0.69,8.2,5.1,46.0,5.4,7,1.6
Tyler Fredricson,DEF,14,166,0,0,0,0,0,0,0.0,0.02,0.02,37.4,4.9,2.0,4.4,2,0.5
Miguel Almirón Rejala,MID,15,150,0,0,0,0,0,0,0.52,0.19,0.71,15.2,40.9,57.0,11.3,10,1.9
Harvey Barnes,MID,15,1746,9,5,6,0,0,13,6.45,4.4,10.85,522.2,407.1,701.0,163.1,130,22.0
Sven Botman,DEF,15,412,0,0,2,1,0,0,0.59,0.22,0.81,110.4,28.4,96.0,23.6,18,4.1
Bruno Guimarães Rodriguez Moura,MID,15,3273,5,6,13,7,0,10,4.34,5.32,9.66,723.0,796.0,454.0,197.5,135,21.8
Dan Burn,DEF,15,3330,1,1,13,11,0,9,1.97,1.09,3.06,736.6,123.6,297.0,115.8,115,25.0
Martin Dúbravka,GK,15,900,0,0,5,0,0,2,0.0,0.0,0.0,220.2,0.0,0.0,22.0,44,11.0
Anthony Gordon,MID,15,2428,6,6,10,2,0,9,8.19,4.8,12.99,537.0,777.3,655.0,196.8,124,16.8
Lewis Hall,DEF,15,2188,0,7,8,3,0,11,0.43,3.73,4.16,561.6,561.2,128.0,125.3,102,21.7
Alexander Isak,FWD,15,2758,23,6,12,1,0,36,20.33,3.59,23.92,1043.0,573.1,1320.0,292.7,211,22.4
Jacob Murphy,MID,15,2356,8,13,11,4,0,11,5.89,6.14,12.03,713.4,625.2,519.0,185.6,159,30.6
Joelinton Cássio Apolinário de Lira,MID,15,2394,4,4,10,10,0,11,3.74,2.17,5.91,469.8,389.3,465.0,132.7,99,16.5
Lloyd Kelly,DEF,15,299,0,1,0,2,0,0,0.41,0.11,0.52,80.6,29.0,20.0,12.6,12,2.9
Emil Krafth,DEF,15,334,0,0,1,2,0,0,0.04,0.04,0.08,59.2,19.7,13.0,9.3,17,4.0
Tino Livramento,DEF,15,2835,0,1,10,1,0,6,0.33,2.7,3.03,567.4,406.2,127.0,110.1,105,22.8
Sean Longstaff,MID,15,783,0,1,2,2,0,0,0.6,0.22,0.82,117.2,78.4,76.0,27.3,34,7.7
Lewis Miley,MID,15,304,1,0,0,0,0,1,0.57,0.3,0.87,87.4,33.5,45.0,16.7,21,4.2
Nick Pope,GK,15,2520,0,0,8,2,0,2,0.0,0.0,0.0,666.0,10.0,0.0,67.4,102,20.4
Fabian Schär,DEF,15,2935,4,2,11,9,1,4,3.94,1.01,4.95,743.2,111.5,346.0,119.6,118,21.5
Sandro Tonali,MID,15,2625,4,2,11,5,0,10,4.46,2.77,7.23,539.4,496.3,299.0,133.5,106,19.3
Kieran Trippier,DEF,15,1299,0,3,6,1,0,8,0.12,1.44,1.56,319.4,406.8,33.0,76.1,72,12.9
Joe Willock,MID,15,1065,0,2,4,4,0,0,1.65,0.93,2.58,172.8,273.8,197.0,63.9,46,9.8
Callum Wilson,FWD,15,355,0,0,0,1,0,0,0.36,0.09,0.45,13.0,42.2,71.0,12.1,19,2.8
William Osula,FWD,15,124,1,0,0,0,0,1,0.16,0.05,0.21,42.4,25.1,37.0,10.5,19,3.9
Álex Moreno Lopera,DEF,16,952,0,1,3,2,0,1,0.17,1.1,1.27,200.8,134.5,29.0,36.4,34,8.1
Ola Aina,DEF,16,2996,2,1,12,5,0,15,0.63,2.25,2.88,578.2,282.3,80.0,94.1,128,24.2
Elliot Anderson,MID,16,2726,2,6,13,10,0,8,2.04,3.51,5.55,638.8,605.2,308.0,155.6,107,21.4
Taiwo Awoniyi,FWD,16,398,1,0,1,0,0,0,2.15,0.12,2.27,67.0,40.9,118.0,21.9,32,5.8
Willy Boly,DEF,16,146,0,0,0,1,0,0,0.07,0.0,0.07,51.0,0.4,17.0,6.8,6,1.4
Danilo dos Santos de Oliveira,MID,16,270,0,0,1,0,0,0,0.0,0.01,0.01,34.6,5.0,0.0,3.9,11,2.3
Nicolás Domínguez,MID,16,1954,0,1,7,9,0,0,1.58,1.58,3.16,410.2,247.2,237.0,89.4,54,11.2
Anthony Elanga,MID,16,2496,6,11,12,1,0,15,4.81,5.12,9.93,627.0,785.4,582.0,199.8,153,27.8
Morgan Gibbs-White,MID,16,2806,7,11,13,9,1,18,6.31,4.68,10.99,680.4,793.7,632.0,210.6,154,23.7
Callum Hudson-Odoi,MID,16,2190,5,3,11,2,0,7,2.52,2.54,5.06,445.6,663.9,405.0,151.0,103,20.2
Murillo Santiago Costa dos Santos,DEF,16,3188,2,0,12,6,0,18,1.47,1.15,2.62,927.2,211.2,201.0,134.0,130,27.7
Neco Williams,DEF,16,2588,1,3,10,7,0,8,2.29,1.54,3.83,628.4,305.3,244.0,118.0,109,24.2
Ibrahim Sangaré,MID,16,584,0,1,2,3,0,0,0.02,0.21,0.23,130.6,80.3,21.0,23.2,20,4.7
Matz Sels,GK,16,3420,0,1,13,4,0,11,0.0,0.26,0.26,942.2,20.2,0.0,96.7,150,28.8
Harry Toffolo,DEF,16,135,0,0,0,1,0,0,0.02,0.01,0.03,40.2,4.1,6.0,5.1,4,1.0
Chris Wood,FWD,16,2958,20,3,15,1,0,41,13.42,1.59,15.01,838.4,320.0,900.0,205.6,200,27.8
Ryan Yates,MID,16,1901,2,2,6,10,0,3,2.41,0.47,2.88,344.4,241.1,265.0,85.4,67,14.0
Nikola Milenković,DEF,16,3330,5,2,13,4,0,2,4.05,0.73,4.78,805.2,107.9,361.0,127.2,145,27.9
João Pedro Ferreira Silva,MID,16,835,3,2,1,5,0,0,2.13,1.87,4.0,221.8,182.9,239.0,64.6,52,8.8
Ramón Sosa,MID,16,280,1,0,1,1,0,0,1.11,0.36,1.47,87.4,103.0,104.0,29.2,25,4.5
Felipe Rodrigues da Silva,DEF,16,891,0,0,3,5,0,2,0.18,0.03,0.21,205.2,10.8,22.0,24.0,36,8.0
Aaron Ramsdale,GK,17,2700,0,0,3,2,0,11,0.0,0.04,0.04,980.6,0.1,0.0,98.3,97,22.0
Cameron Archer,FWD,17,1421,2,0,2,0,0,4,5.71,0.72,6.43,125.2,102.5,376.0,60.0,57,11.9
Lesley Ugochukwu,MID,17,1652,1,1,1,7,0,3,0.85,0.62,1.47,265.0,211.9,84.0,55.9,47,10.7
Ryan Fraser,MID,17,303,0,0,0,0,1,0,0.02,0.1,0.12,35.8,26.8,13.0,6.7,7,1.5
Joe Aribo,MID,17,2007,3,0,1,1,0,7,2.69,1.23,3.92,386.2,293.0,242.0,92.3,72,14.7
Adam Armstrong,FWD,17,1246,2,3,2,4,0,2,3.28,0.56,3.84,154.4,143.7,262.0,56.0,45,8.8
Jan Bednarek,DEF,17,2531,2,0,3,7,0,3,0.65,0.84,1.49,770.6,78.3,71.0,91.9,60,15.0
Armel Bella-Kotchap,DEF,17,329,0,0,0,0,0,0,0.32,0.01,0.33,64.6,2.3,4.0,7.0,2,0.5
James Bree,DEF,17,1070,0,1,1,0,0,0,0.11,0.71,0.82,187.4,159.4,43.0,39.0,23,5.9
Taylor Harwood-Bellis,DEF,17,2824,1,0,3,9,0,2,1.78,0.68,2.46,727.0,218.3,252.0,119.9,55,14.1
Kamaldeen Sulemana,MID,17,1394,1,2,3,2,0,2,1.39,0.85,2.24,187.2,182.4,290.0,65.7,53,10.6
Adam Lallana,MID,17,352,0,2,0,4,0,1,0.15,0.48,0.63,81.2,82.4,21.0,18.4,17,3.4
Joe Lumley,GK,17,270,0,0,0,0,0,0,0.0,0.0,0.0,102.2,0.0,0.0,10.2,8,2.0
Ryan Manning,DEF,17,1458,0,2,1,2,0,0,0.34,2.8,3.14,307.4,498.3,71.0,87.6,34,7.9
Alex McCarthy,GK,17,450,0,0,0,0,0,0,0.0,0.0,0.0,166.4,0.0,0.0,16.7,12,2.9
Paul Onuachu,FWD,17,1038,4,1,1,4,0,4,3.61,0.26,3.87,219.8,127.3,479.0,81.7,51,10.4
Will Smallbone,MID,17,679,1,0,0,1,0,0,0.57,0.89,1.46,112.6,163.3,64.0,33.9,26,5.2
Jack Stephens,DEF,17,1389,1,0,2,2,2,2,0.58,0.26,0.84,291.8,71.6,51.0,41.5,31,7.8
Ross Stewart,FWD,17,382,1,0,1,1,0,3,1.15,0.04,1.19,54.4,15.4,96.0,16.3,20,4.5
Sugawara Yukinari,DEF,17,1548,1,1,2,4,0,0,0.48,2.47,2.95,315.4,291.3,137.0,74.2,43,10.2
Charlie Taylor,DEF,17,353,0,0,0,1,0,0,0.0,0.14,0.14,102.0,27.8,4.0,13.5,6,1.5
Kyle Walker-Peters,DEF,17,2918,0,3,2,5,0,3,0.85,2.3,3.14,503.8,406.8,237.0,114.4,54,12.9
Nathan Wood-Gordon,DEF,17,771,0,0,1,2,0,2,0.23,0.04,0.27,137.8,20.3,16.0,17.6,14,3.6
Flynn Downes,MID,17,2149,1,0,4,12,0,0,0.64,1.41,2.05,297.6,292.2,118.0,71.0,48,10.2
Ben Brereton Díaz,MID,17,446,0,0,0,1,0,0,0.9,0.15,1.05,21.8,63.6,81.0,16.8,13,2.7
Tyler Dibling,MID,17,1863,2,2,3,6,0,4,2.6,1.47,4.07,261.0,344.5,264.0,87.0,68,15.8
Mateus Gonçalo Espanha Fernandes,MID,17,2911,2,4,5,8,0,8,4.12,3.62,7.74,553.4,649.5,372.0,157.8,95,19.0
Welington Damascena Santos,DEF,17,478,0,0,1,1,0,0,0.04,0.16,0.2,120.2,58.4,11.0,19.0,14,3.5
Albert Grønbæk,MID,17,141,0,0,0,0,0,0,0.12,0.01,0.13,15.8,11.4,9.0,3.7,6,1.2
Jay Robinson,FWD,17,134,0,0,0,0,0,0,0.07,0.53,0.6,21.8,34.4,29.0,8.6,5,1.1
Dominic Solanke-Mitchell,FWD,18,2199,9,5,4,0,0,7,10.89,1.13,12.02,505.8,199.8,729.0,142.1,108,14.8
Brandon Austin,GK,18,90,0,0,0,0,0,0,0.0,0.0,0.0,20.0,0.0,0.0,2.0,1,0.2
Rodrigo Bentancur,MID,18,1640,2,0,3,9,0,1,1.36,1.02,2.38,324.6,208.5,165.0,70.2,49,10.0
Lucas Bergvall,MID,18,1200,0,2,3,3,0,0,0.71,0.82,1.53,237.2,218.7,97.0,55.0,44,10.0
Yves Bissouma,MID,18,1396,2,0,3,7,0,4,0.64,0.48,1.12,283.8,133.8,59.0,48.0,50,10.4
Ben Davies,DEF,18,1329,0,0,3,5,0,0,0.27,0.5,0.77,343.6,42.1,49.0,43.7,28,6.5
Radu Drăgușin,DEF,18,1250,0,0,2,1,0,0,0.13,0.16,0.29,256.4,58.1,47.0,36.2,24,5.6
Fraser Forster,GK,18,630,0,0,1,0,0,0,0.0,0.0,0.0,221.0,0.0,0.0,22.2,19,4.4
Archie Gray,MID,18,1750,0,0,2,1,0,0,0.03,0.19,0.22,254.6,71.4,15.0,34.3,45,9.8
Brennan Johnson,MID,18,2171,11,6,2,5,0,13,10.75,1.99,12.74,559.6,295.0,761.0,161.0,137,22.1
Dejan Kulusevski,MID,18,2386,7,4,6,3,0,9,4.06,4.03,8.09,613.6,843.8,733.0,218.7,117,18.9
James Maddison,MID,18,1799,9,8,6,6,0,15,5.54,5.92,11.46,683.4,702.3,495.0,187.8,133,18.0
Pedro Porro,DEF,18,2606,2,6,6,5,0,6,1.63,4.71,6.34,778.4,932.9,200.0,191.2,98,18.8
Sergio Reguilón,DEF,18,194,0,0,0,2,0,0,0.12,0.24,0.36,33.4,25.2,13.0,7.2,2,0.5
Richarlison de Andrade,FWD,18,497,4,1,1,2,0,0,3.71,0.6,4.31,180.8,57.1,243.0,47.4,35,5.1
Cristian Romero,DEF,18,1416,1,1,3,3,0,3,1.52,0.81,2.33,343.2,113.1,232.0,69.0,49,10.0
Pape Matar Sarr,MID,18,1901,3,2,2,6,0,4,3.72,0.78,4.5,398.4,257.2,220.0,87.2,71,15.1
Son Heung-min,MID,18,2106,7,10,4,1,0,12,7.25,4.97,12.22,629.6,734.9,707.0,207.2,129,13.3
Djed Spence,DEF,18,1790,1,2,3,2,1,6,0.58,1.41,1.99,433.0,226.6,100.0,76.1,51,11.6
Destiny Udogie,DEF,18,1923,0,1,2,2,0,0,0.31,1.22,1.53,354.8,256.5,132.0,74.5,43,9.0
Micky van de Ven,DEF,18,1014,0,2,2,4,0,2,0.54,0.7,1.24,212.0,39.4,57.0,30.9,32,7.1
Guglielmo Vicario,GK,18,2160,0,0,4,1,0,2,0.0,0.0,0.0,587.8,0.0,0.0,58.5,66,13.8
Timo Werner,MID,18,504,0,3,1,0,0,2,1.04,1.55,2.59,114.6,148.0,113.0,37.1,34,5.5
Mikey Moore,MID,18,359,0,2,0,0,0,0,0.2,0.56,0.76,33.2,45.2,34.0,11.0,19,4.2
Wilson Odobert,MID,18,843,1,0,1,0,0,3,1.63,0.76,2.39,101.2,108.6,156.0,36.7,34,6.4
Antonín Kinsky,GK,18,540,0,0,1,0,0,0,0.0,0.01,0.01,208.2,10.1,0.0,21.7,17,4.1
Kevin Danso,DEF,18,842,0,0,1,0,0,0,0.4,0.12,0.52,242.0,34.4,72.0,34.9,16,3.6
Mathys Tel,MID,18,908,2,2,2,2,0,2,2.96,1.55,4.51,183.8,208.3,236.0,62.3,42,7.2
Evan Ferguson,FWD,19,385,1,0,1,0,0,2,1.13,0.66,1.79,80.0,68.5,104.0,25.0,28,5.1
Aaron Wan-Bissaka,DEF,19,3154,2,6,6,1,0,15,1.18,2.75,3.93,807.4,531.5,188.0,152.7,118,26.2
Edson Álvarez Velázquez,MID,19,1769,0,1,3,7,1,0,0.39,0.89,1.28,281.8,213.9,51.0,54.7,40,8.0
Michail Antonio,FWD,19,834,1,4,4,1,0,3,2.2,0.91,3.11,72.0,139.5,194.0,39.5,42,8.1
Alphonse Areola,GK,19,2259,0,0,4,0,0,1,0.0,0.0,0.0,619.8,0.0,0.0,62.1,69,16.4
Jarrod Bowen,MID,19,2974,13,11,8,1,0,21,8.6,6.47,15.07,903.0,737.8,1081.0,271.9,193,24.4
Vladimír Coufal,DEF,19,1056,0,0,2,5,0,1,0.37,0.89,1.25,204.0,142.0,70.0,41.3,27,6.6
Aaron Cresswell,DEF,19,818,0,0,3,3,0,3,0.23,1.89,2.12,148.4,152.3,14.0,31.4,36,9.2
Emerson Palmieri dos Santos,DEF,19,2108,2,1,5,5,0,4,1.95,2.19,4.14,420.4,310.9,173.0,90.4,76,17.3
Łukasz Fabiański,GK,19,1160,0,0,2,2,0,2,0.0,0.0,0.0,387.8,0.3,0.0,38.7,39,10.0
Danny Ings,FWD,19,270,1,3,0,0,0,4,2.25,0.06,2.31,97.0,76.5,159.0,33.4,32,6.7
Max Kilman,DEF,19,3348,0,1,6,5,0,5,1.55,1.19,2.74,832.6,203.3,149.0,118.8,82,19.1
Mohammed Kudus,MID,19,2589,5,4,7,2,1,5,6.97,2.67,9.64,471.6,552.5,752.0,177.5,106,17.1
Luis Guilherme Lira dos Santos,MID,19,139,0,0,0,0,0,0,0.42,0.13,0.55,27.6,49.1,32.0,10.8,12,2.6
Lucas Tolentino Coelho de Lima,MID,19,2374,4,1,4,10,0,5,5.36,3.36,8.72,433.2,627.7,267.0,132.6,80,14.0
Konstantinos Mavropanos,DEF,19,2035,0,0,2,4,1,4,1.61,0.39,2.0,497.0,74.9,160.0,73.2,45,10.5
Tomáš Souček,MID,19,2563,9,2,7,8,0,15,6.6,1.27,7.87,672.6,231.8,643.0,154.0,126,26.2
James Ward-Prowse,MID,19,1433,1,2,5,2,1,2,1.59,2.68,4.27,282.4,378.3,138.0,80.0,51,8.4
Andy Irving,MID,19,161,0,0,0,2,0,0,0.13,0.12,0.25,37.6,26.5,17.0,8.1,9,1.9
Crysencio Summerville,MID,19,776,1,1,2,2,0,2,1.61,1.71,3.32,156.4,246.1,186.0,58.7,33,6.0
Guido Rodríguez,MID,19,1147,0,1,4,6,0,0,0.22,0.17,0.39,205.4,79.7,29.0,31.5,36,7.5
Niclas Füllkrug,FWD,19,783,3,2,2,2,0,3,2.14,0.47,2.61,187.2,173.3,221.0,56.8,42,6.3
Jean-Clair Todibo,DEF,19,1824,0,0,5,3,0,1,0.36,0.06,0.42,373.0,37.1,35.0,44.5,54,12.9
Carlos Soler,MID,19,1394,1,1,2,6,0,2,1.85,1.93,3.78,189.0,295.8,186.0,67.2,47,9.4
Ollie Scarles,DEF,19,659,0,0,2,1,0,2,0.11,0.18,0.29,106.4,54.3,24.0,18.6,29,7.2
Sam Johnstone,GK,20,630,0,0,0,0,0,0,0.0,0.0,0.0,193.8,10.0,0.0,20.4,12,2.9
Rayan Aït-Nouri,DEF,20,3112,4,7,7,5,1,13,2.69,3.98,6.67,778.4,694.3,435.0,191.0,125,24.5
Jean-Ricner Bellegarde,MID,20,1666,2,7,6,3,0,5,1.46,2.74,4.2,355.6,422.8,200.0,97.2,90,18.4
Daniel Bentley,GK,20,180,0,0,1,0,0,1,0.0,0.0,0.0,60.0,0.0,0.0,6.0,9,2.3
Matheus Santos Carneiro Da Cunha,FWD,20,2596,15,7,7,4,0,41,8.73,5.29,14.02,936.2,847.8,940.0,272.2,178,25.4
Craig Dawson,DEF,20,969,0,1,1,2,0,1,0.5,0.07,0.57,204.2,31.3,55.0,29.1,17,4.0
Matt Doherty,DEF,20,2105,2,1,6,6,0,4,1.12,1.24,2.36,502.2,179.9,135.0,81.8,75,17.4
Tommy Doyle,MID,20,474,0,1,0,1,0,0,0.55,0.35,0.9,114.6,101.7,34.0,25.3,28,6.0
Gonçalo Manuel Ganchinho Guedes,MID,20,979,2,4,3,1,0,2,3.28,0.92,4.2,215.8,213.9,217.0,64.0,62,11.7
Hwang Hee-chan,MID,20,646,2,1,0,0,0,0,0.79,0.35,1.14,111.6,72.7,84.0,26.7,37,6.1
João Victor Gomes da Silva,MID,20,2975,3,1,6,9,1,7,2.94,2.61,5.55,513.4,428.9,231.0,117.3,87,17.8
José Malheiro de Sá,GK,20,2610,0,0,7,2,0,4,0.0,0.01,0.01,603.4,30.0,0.0,63.4,93,21.1
Mario Lemina,MID,20,1363,1,3,1,4,0,5,1.3,0.87,2.17,356.8,166.7,120.0,64.4,47,9.8
Yerson Mosquera,DEF,20,441,0,0,0,2,0,0,0.33,0.03,0.36,110.2,27.3,21.0,16.0,3,0.8
Nélson Cabral Semedo,DEF,20,2889,0,4,8,8,0,0,1.05,1.71,2.76,504.6,404.9,149.0,106.0,84,18.7
Rodrigo Martins Gomes,MID,20,794,2,0,1,0,0,0,0.72,0.87,1.59,186.6,180.2,113.0,47.6,42,8.2
Santiago Bueno,DEF,20,1678,0,0,5,2,0,2,0.45,0.1,0.55,345.4,15.8,80.0,44.2,52,12.1
Pablo Sarabia,MID,20,800,3,2,1,3,0,3,2.88,1.9,4.78,217.6,245.9,177.0,63.8,50,10.0
Jørgen Strand Larsen,FWD,20,2587,14,4,7,4,0,17,10.14,1.0,11.14,646.8,303.4,848.0,179.5,145,27.9
Toti António Gomes,DEF,20,2613,0,1,8,7,0,8,0.73,0.6,1.33,617.2,144.2,102.0,86.5,79,18.4
André Trindade da Costa Neto,MID,20,2472,0,0,7,7,0,1,0.41,0.52,0.93,383.2,285.5,30.0,69.7,61,12.2
Carlos Roberto Forbs Borges,MID,20,236,0,0,0,2,0,0,0.15,0.1,0.25,25.8,24.2,35.0,8.3,9,1.7
Emmanuel Agbadou,DEF,20,1410,1,0,4,3,0,1,0.9,0.32,1.22,395.2,57.3,67.0,52.0,45,11.2
Marshall Munetsi,MID,20,1077,2,2,5,0,0,4,3.32,1.08,4.39,176.8,132.9,212.0,52.3,50,10.0
